PC,Proportion.Variance.Explained
1,0.025992263088257046
2,0.01099194655953792
3,0.010429060306034419
4,0.00739929840695559
5,0.006370275549117744
6,0.00557563882448702
7,0.003956963986862592
8,0.0036306290348488593
9,0.003228425298468141
10,0.00304351260054506
