PC,Proportion.Variance.Explained
1,0.01951914578552026
2,0.008094948811178853
3,0.005887904479766182
4,0.0043385898265540035
5,0.0038985639795977526
6,0.0033776371822911047
7,0.003237035822520369
8,0.0028059048793482957
9,0.0021664510874698133
10,0.002014567199371843
